TEAM,YEAR,GP,YDS,TOTAL YDS/G,YDS,PASSING YDS/G,YDS,RUSHING YDS/G,PTS,PTS/G,GP,TOTAL YDS,YDS/G,PASSING YDS,YDS/G,RUSHING YDS,YDS/G,POINTS,PTS/G
Arizona CardinalsArizona Cardinals,2020,8,"3,376",422,"2,073",259.1,"1,303",162.9,234,29.3,#N/A,#N/A,#N/A,#N/A,#N/A,#N/A,#N/A,#N/A,#N/A
Los Angeles ChargersLos Angeles Chargers,2020,8,"3,360",420,"2,275",284.4,"1,085",135.6,205,25.6,#N/A,#N/A,#N/A,#N/A,#N/A,#N/A,#N/A,#N/A,#N/A
Seattle SeahawksSeattle Seahawks,2020,8,"3,320",415,"2,385",298.1,935,116.9,274,34.3,#N/A,#N/A,#N/A,#N/A,#N/A,#N/A,#N/A,#N/A,#N/A
Kansas City ChiefsKansas City Chiefs,2020,9,"3,681",409,"2,652",294.7,"1,029",114.3,286,31.8,#N/A,#N/A,#N/A,#N/A,#N/A,#N/A,#N/A,#N/A,#N/A
Atlanta FalconsAtlanta Falcons,2020,9,"3,571",396.8,"2,610",290,961,106.8,243,27,#N/A,#N/A,#N/A,#N/A,#N/A,#N/A,#N/A,#N/A,#N/A
Los Angeles RamsLos Angeles Rams,2020,8,"3,171",396.4,"2,069",258.6,"1,102",137.8,193,24.1,#N/A,#N/A,#N/A,#N/A,#N/A,#N/A,#N/A,#N/A,#N/A
Green Bay PackersGreen Bay Packers,2020,8,"3,167",395.9,"2,154",269.3,"1,013",126.6,253,31.6,#N/A,#N/A,#N/A,#N/A,#N/A,#N/A,#N/A,#N/A,#N/A
Dallas CowboysDallas Cowboys,2020,9,"3,555",395,"2,565",285,990,110,204,22.7,#N/A,#N/A,#N/A,#N/A,#N/A,#N/A,#N/A,#N/A,#N/A
New Orleans SaintsNew Orleans Saints,2020,8,"3,121",390.1,"2,148",268.5,973,121.6,244,30.5,#N/A,#N/A,#N/A,#N/A,#N/A,#N/A,#N/A,#N/A,#N/A
Tennessee TitansTennessee Titans,2020,8,"3,077",384.6,"1,896",237,"1,181",147.6,232,29,#N/A,#N/A,#N/A,#N/A,#N/A,#N/A,#N/A,#N/A,#N/A
Minnesota VikingsMinnesota Vikings,2020,8,"3,056",382,"1,773",221.6,"1,283",160.4,217,27.1,#N/A,#N/A,#N/A,#N/A,#N/A,#N/A,#N/A,#N/A,#N/A
Buffalo BillsBuffalo Bills,2020,9,"3,396",377.3,"2,493",277,903,100.3,242,26.9,#N/A,#N/A,#N/A,#N/A,#N/A,#N/A,#N/A,#N/A,#N/A
San Francisco 49ersSan Francisco 49ers,2020,9,"3,366",374,"2,295",255,"1,071",119,225,25,#N/A,#N/A,#N/A,#N/A,#N/A,#N/A,#N/A,#N/A,#N/A
Las Vegas RaidersLas Vegas Raiders,2020,8,"2,973",371.6,"1,923",240.4,"1,050",131.3,218,27.3,#N/A,#N/A,#N/A,#N/A,#N/A,#N/A,#N/A,#N/A,#N/A
Carolina PanthersCarolina Panthers,2020,9,"3,323",369.2,"2,334",259.3,989,109.9,210,23.3,#N/A,#N/A,#N/A,#N/A,#N/A,#N/A,#N/A,#N/A,#N/A
Houston TexansHouston Texans,2020,8,"2,947",368.4,"2,246",280.8,701,87.6,193,24.1,#N/A,#N/A,#N/A,#N/A,#N/A,#N/A,#N/A,#N/A,#N/A
Cincinnati BengalsCincinnati Bengals,2020,8,"2,895",361.9,"2,085",260.6,810,101.3,194,24.3,#N/A,#N/A,#N/A,#N/A,#N/A,#N/A,#N/A,#N/A,#N/A
New England PatriotsNew England Patriots,2020,8,"2,895",361.9,"1,618",202.3,"1,277",159.6,166,20.8,#N/A,#N/A,#N/A,#N/A,#N/A,#N/A,#N/A,#N/A,#N/A
Indianapolis ColtsIndianapolis Colts,2020,8,"2,884",360.5,"2,065",258.1,819,102.4,208,26,#N/A,#N/A,#N/A,#N/A,#N/A,#N/A,#N/A,#N/A,#N/A
Detroit LionsDetroit Lions,2020,8,"2,872",359,"2,063",257.9,809,101.1,197,24.6,#N/A,#N/A,#N/A,#N/A,#N/A,#N/A,#N/A,#N/A,#N/A
Jacksonville JaguarsJacksonville Jaguars,2020,8,"2,804",350.5,"2,013",251.6,791,98.9,179,22.4,#N/A,#N/A,#N/A,#N/A,#N/A,#N/A,#N/A,#N/A,#N/A
Tampa Bay BuccaneersTampa Bay Buccaneers,2020,9,"3,141",349,"2,312",256.9,829,92.1,250,27.8,#N/A,#N/A,#N/A,#N/A,#N/A,#N/A,#N/A,#N/A,#N/A
Baltimore RavensBaltimore Ravens,2020,8,"2,776",347,"1,415",176.9,"1,361",170.1,227,28.4,#N/A,#N/A,#N/A,#N/A,#N/A,#N/A,#N/A,#N/A,#N/A
Cleveland BrownsCleveland Browns,2020,8,"2,774",346.8,"1,574",196.8,"1,200",150,206,25.8,#N/A,#N/A,#N/A,#N/A,#N/A,#N/A,#N/A,#N/A,#N/A
Pittsburgh SteelersPittsburgh Steelers,2020,8,"2,728",341,"1,856",232,872,109,235,29.4,#N/A,#N/A,#N/A,#N/A,#N/A,#N/A,#N/A,#N/A,#N/A
Denver BroncosDenver Broncos,2020,8,"2,693",336.6,"1,800",225,893,111.6,174,21.8,#N/A,#N/A,#N/A,#N/A,#N/A,#N/A,#N/A,#N/A,#N/A
Philadelphia EaglesPhiladelphia Eagles,2020,8,"2,640",330,"1,691",211.4,949,118.6,186,23.3,#N/A,#N/A,#N/A,#N/A,#N/A,#N/A,#N/A,#N/A,#N/A
Miami DolphinsMiami Dolphins,2020,8,"2,583",322.9,"1,806",225.8,777,97.1,222,27.8,#N/A,#N/A,#N/A,#N/A,#N/A,#N/A,#N/A,#N/A,#N/A
Chicago BearsChicago Bears,2020,9,"2,860",317.8,"2,119",235.4,741,82.3,178,19.8,#N/A,#N/A,#N/A,#N/A,#N/A,#N/A,#N/A,#N/A,#N/A
WashingtonWashington,2020,8,"2,451",306.4,"1,713",214.1,738,92.3,153,19.1,#N/A,#N/A,#N/A,#N/A,#N/A,#N/A,#N/A,#N/A,#N/A
New York GiantsNew York Giants,2020,9,"2,684",298.2,"1,730",192.2,954,106,168,18.7,#N/A,#N/A,#N/A,#N/A,#N/A,#N/A,#N/A,#N/A,#N/A
New York JetsNew York Jets,2020,9,"2,394",266,"1,504",167.1,890,98.9,121,13.4,#N/A,#N/A,#N/A,#N/A,#N/A,#N/A,#N/A,#N/A,#N/A
Dallas CowboysDallas Cowboys,2019,16,"6,904",431.5,"4,751",296.9,"2,153",134.6,434,27.1,#N/A,#N/A,#N/A,#N/A,#N/A,#N/A,#N/A,#N/A,#N/A
Baltimore RavensBaltimore Ravens,2019,16,"6,521",407.6,"3,225",201.6,"3,296",206,531,33.2,1,530,530,345,345,185,185,12,12
Tampa Bay BuccaneersTampa Bay Buccaneers,2019,16,"6,366",397.9,"4,845",302.8,"1,521",95.1,458,28.6,#N/A,#N/A,#N/A,#N/A,#N/A,#N/A,#N/A,#N/A,#N/A
San Francisco 49ersSan Francisco 49ers,2019,16,"6,097",381.1,"3,792",237,"2,305",144.1,479,29.9,3,1013,337.7,401,133.7,612,204,84,28
Atlanta FalconsAtlanta Falcons,2019,16,"6,075",379.7,"4,714",294.6,"1,361",85.1,381,23.8,#N/A,#N/A,#N/A,#N/A,#N/A,#N/A,#N/A,#N/A,#N/A
Kansas City ChiefsKansas City Chiefs,2019,16,"6,067",379.2,"4,498",281.1,"1,569",98.1,451,28.2,3,1235,411.7,876,292,359,119.7,117,39
Los Angeles RamsLos Angeles Rams,2019,16,"5,998",374.9,"4,499",281.2,"1,499",93.7,394,24.6,#N/A,#N/A,#N/A,#N/A,#N/A,#N/A,#N/A,#N/A,#N/A
Seattle SeahawksSeattle Seahawks,2019,16,"5,991",374.4,"3,791",236.9,"2,200",137.5,405,25.3,2,757,378.5,583,291.5,174,87,40,20
New Orleans SaintsNew Orleans Saints,2019,16,"5,982",373.9,"4,244",265.3,"1,738",108.6,458,28.6,1,324,324,227,227,97,97,20,20
Los Angeles ChargersLos Angeles Chargers,2019,16,"5,879",367.4,"4,426",276.6,"1,453",90.8,337,21.1,#N/A,#N/A,#N/A,#N/A,#N/A,#N/A,#N/A,#N/A,#N/A
Oakland RaidersOakland Raiders,2019,16,"5,819",363.7,"3,926",245.4,"1,893",118.3,313,19.6,#N/A,#N/A,#N/A,#N/A,#N/A,#N/A,#N/A,#N/A,#N/A
Tennessee TitansTennessee Titans,2019,16,"5,805",362.8,"3,582",223.9,"2,223",138.9,402,25.1,3,867,289,364,121.3,503,167.7,72,24
Houston TexansHouston Texans,2019,16,"5,792",362,"3,783",236.4,"2,009",125.6,378,23.6,2,802,401,567,283.5,235,117.5,53,26.5
Philadelphia EaglesPhiladelphia Eagles,2019,16,"5,772",360.8,"3,833",239.6,"1,939",121.2,385,24.1,1,282,282,162,162,120,120,9,9
New England PatriotsNew England Patriots,2019,16,"5,664",354,"3,961",247.6,"1,703",106.4,420,26.3,1,307,307,209,209,98,98,13,13
Minnesota VikingsMinnesota Vikings,2019,16,"5,656",353.5,"3,523",220.2,"2,133",133.3,407,25.4,2,509,254.5,352,176,157,78.5,36,18
Detroit LionsDetroit Lions,2019,16,"5,549",346.8,"3,900",243.8,"1,649",103.1,341,21.3,#N/A,#N/A,#N/A,#N/A,#N/A,#N/A,#N/A,#N/A,#N/A
Green Bay PackersGreen Bay Packers,2019,16,"5,528",345.5,"3,733",233.3,"1,795",112.2,376,23.5,2,702,351,531,265.5,171,85.5,48,24
Carolina PanthersCarolina Panthers,2019,16,"5,469",341.8,"3,650",228.1,"1,819",113.7,340,21.3,#N/A,#N/A,#N/A,#N/A,#N/A,#N/A,#N/A,#N/A,#N/A
Jacksonville JaguarsJacksonville Jaguars,2019,16,"5,468",341.8,"3,760",235,"1,708",106.8,300,18.8,#N/A,#N/A,#N/A,#N/A,#N/A,#N/A,#N/A,#N/A,#N/A
Arizona CardinalsArizona Cardinals,2019,16,"5,467",341.7,"3,477",217.3,"1,990",124.4,361,22.6,#N/A,#N/A,#N/A,#N/A,#N/A,#N/A,#N/A,#N/A,#N/A
Cleveland BrownsCleveland Browns,2019,16,"5,455",340.9,"3,554",222.1,"1,901",118.8,335,20.9,#N/A,#N/A,#N/A,#N/A,#N/A,#N/A,#N/A,#N/A,#N/A
New York GiantsNew York Giants,2019,16,"5,416",338.5,"3,731",233.2,"1,685",105.3,341,21.3,#N/A,#N/A,#N/A,#N/A,#N/A,#N/A,#N/A,#N/A,#N/A
Buffalo BillsBuffalo Bills,2019,16,"5,283",330.2,"3,229",201.8,"2,054",128.4,314,19.6,1,425,425,253,253,172,172,19,19
Indianapolis ColtsIndianapolis Colts,2019,16,"5,238",327.4,"3,108",194.3,"2,130",133.1,361,22.6,#N/A,#N/A,#N/A,#N/A,#N/A,#N/A,#N/A,#N/A,#N/A
Cincinnati BengalsCincinnati Bengals,2019,16,"5,169",323.1,"3,652",228.3,"1,517",94.8,279,17.4,#N/A,#N/A,#N/A,#N/A,#N/A,#N/A,#N/A,#N/A,#N/A
Miami DolphinsMiami Dolphins,2019,16,"4,960",310,"3,804",237.8,"1,156",72.3,306,19.1,#N/A,#N/A,#N/A,#N/A,#N/A,#N/A,#N/A,#N/A,#N/A
Denver BroncosDenver Broncos,2019,16,"4,777",298.6,"3,115",194.7,"1,662",103.9,282,17.6,#N/A,#N/A,#N/A,#N/A,#N/A,#N/A,#N/A,#N/A,#N/A
Chicago BearsChicago Bears,2019,16,"4,749",296.8,"3,291",205.7,"1,458",91.1,280,17.5,#N/A,#N/A,#N/A,#N/A,#N/A,#N/A,#N/A,#N/A,#N/A
Pittsburgh SteelersPittsburgh Steelers,2019,16,"4,428",276.8,"2,981",186.3,"1,447",90.4,289,18.1,#N/A,#N/A,#N/A,#N/A,#N/A,#N/A,#N/A,#N/A,#N/A
WashingtonWashington,2019,16,"4,395",274.7,"2,812",175.8,"1,583",98.9,266,16.6,#N/A,#N/A,#N/A,#N/A,#N/A,#N/A,#N/A,#N/A,#N/A
New York JetsNew York Jets,2019,16,"4,368",273,"3,111",194.4,"1,257",78.6,276,17.3,#N/A,#N/A,#N/A,#N/A,#N/A,#N/A,#N/A,#N/A,#N/A
Kansas City ChiefsKansas City Chiefs,2018,16,"6,810",425.6,"4,955",309.7,"1,855",115.9,565,35.3,2,723,361.5,502,251,221,110.5,62,31
Los Angeles RamsLos Angeles Rams,2018,16,"6,738",421.1,"4,507",281.7,"2,231",139.4,527,32.9,3,1097,365.7,685,228.3,412,137.3,59,19.7
Tampa Bay BuccaneersTampa Bay Buccaneers,2018,16,"6,648",415.5,"5,125",320.3,"1,523",95.2,396,24.8,#N/A,#N/A,#N/A,#N/A,#N/A,#N/A,#N/A,#N/A,#N/A
Pittsburgh SteelersPittsburgh Steelers,2018,16,"6,453",403.3,"5,008",313,"1,445",90.3,428,26.8,#N/A,#N/A,#N/A,#N/A,#N/A,#N/A,#N/A,#N/A,#N/A
New England PatriotsNew England Patriots,2018,16,"6,295",393.4,"4,258",266.1,"2,037",127.3,436,27.3,3,1429,476.3,944,314.7,485,161.7,91,30.3
Atlanta FalconsAtlanta Falcons,2018,16,"6,226",389.1,"4,653",290.8,"1,573",98.3,414,25.9,#N/A,#N/A,#N/A,#N/A,#N/A,#N/A,#N/A,#N/A,#N/A
Indianapolis ColtsIndianapolis Colts,2018,16,"6,179",386.2,"4,461",278.8,"1,718",107.4,433,27.1,2,688,344,401,200.5,287,143.5,34,17
New Orleans SaintsNew Orleans Saints,2018,16,"6,067",379.2,"4,042",252.6,"2,025",126.6,504,31.5,2,710,355,525,262.5,185,92.5,43,21.5
Baltimore RavensBaltimore Ravens,2018,16,"5,999",374.9,"3,558",222.4,"2,441",152.6,389,24.3,1,229,229,139,139,90,90,17,17
Carolina PanthersCarolina Panthers,2018,16,"5,972",373.3,"3,836",239.8,"2,136",133.5,376,23.5,#N/A,#N/A,#N/A,#N/A,#N/A,#N/A,#N/A,#N/A,#N/A
Los Angeles ChargersLos Angeles Chargers,2018,16,"5,962",372.6,"4,089",255.6,"1,873",117.1,428,26.8,2,578,289,470,235,108,54,51,25.5
Green Bay PackersGreen Bay Packers,2018,16,"5,905",369.1,"4,238",264.9,"1,667",104.2,376,23.5,#N/A,#N/A,#N/A,#N/A,#N/A,#N/A,#N/A,#N/A,#N/A
Cleveland BrownsCleveland Browns,2018,16,"5,900",368.8,"4,007",250.4,"1,893",118.3,359,22.4,#N/A,#N/A,#N/A,#N/A,#N/A,#N/A,#N/A,#N/A,#N/A
Philadelphia EaglesPhiladelphia Eagles,2018,16,"5,845",365.3,"4,275",267.2,"1,570",98.1,367,22.9,2,550,275,459,229.5,91,45.5,30,15
Houston TexansHouston Texans,2018,16,"5,802",362.6,"3,781",236.3,"2,021",126.3,402,25.1,1,322,322,217,217,105,105,7,7
San Francisco 49ersSan Francisco 49ers,2018,16,"5,769",360.6,"3,867",241.7,"1,902",118.9,342,21.4,#N/A,#N/A,#N/A,#N/A,#N/A,#N/A,#N/A,#N/A,#N/A
New York GiantsNew York Giants,2018,16,"5,697",356.1,"4,047",252.9,"1,650",103.1,369,23.1,#N/A,#N/A,#N/A,#N/A,#N/A,#N/A,#N/A,#N/A,#N/A
Seattle SeahawksSeattle Seahawks,2018,16,"5,653",353.3,"3,093",193.3,"2,560",160,428,26.8,1,299,299,226,226,73,73,22,22
Denver BroncosDenver Broncos,2018,16,"5,602",350.1,"3,695",230.9,"1,907",119.2,329,20.6,#N/A,#N/A,#N/A,#N/A,#N/A,#N/A,#N/A,#N/A,#N/A
Minnesota VikingsMinnesota Vikings,2018,16,"5,529",345.6,"4,036",252.3,"1,493",93.3,360,22.5,#N/A,#N/A,#N/A,#N/A,#N/A,#N/A,#N/A,#N/A,#N/A
Chicago BearsChicago Bears,2018,16,"5,502",343.9,"3,564",222.8,"1,938",121.1,421,26.3,1,356,356,291,291,65,65,15,15
Dallas CowboysDallas Cowboys,2018,16,"5,501",343.8,"3,538",221.1,"1,963",122.7,339,21.2,2,688,344,474,237,214,107,46,23
Oakland RaidersOakland Raiders,2018,16,"5,379",336.2,"3,751",234.4,"1,628",101.8,290,18.1,#N/A,#N/A,#N/A,#N/A,#N/A,#N/A,#N/A,#N/A,#N/A
Detroit LionsDetroit Lions,2018,16,"5,236",327.3,"3,576",223.5,"1,660",103.8,324,20.3,#N/A,#N/A,#N/A,#N/A,#N/A,#N/A,#N/A,#N/A,#N/A
Tennessee TitansTennessee Titans,2018,16,"4,998",312.4,"2,975",185.9,"2,023",126.4,310,19.4,#N/A,#N/A,#N/A,#N/A,#N/A,#N/A,#N/A,#N/A,#N/A
Cincinnati BengalsCincinnati Bengals,2018,16,"4,972",310.8,"3,290",205.6,"1,682",105.1,368,23,#N/A,#N/A,#N/A,#N/A,#N/A,#N/A,#N/A,#N/A,#N/A
Jacksonville JaguarsJacksonville Jaguars,2018,16,"4,832",302,"3,109",194.3,"1,723",107.7,245,15.3,#N/A,#N/A,#N/A,#N/A,#N/A,#N/A,#N/A,#N/A,#N/A
Washington RedskinsWashington Redskins,2018,16,"4,795",299.7,"3,021",188.8,"1,774",110.9,281,17.6,#N/A,#N/A,#N/A,#N/A,#N/A,#N/A,#N/A,#N/A,#N/A
New York JetsNew York Jets,2018,16,"4,787",299.2,"3,165",197.8,"1,622",101.4,333,20.8,#N/A,#N/A,#N/A,#N/A,#N/A,#N/A,#N/A,#N/A,#N/A
Buffalo BillsBuffalo Bills,2018,16,"4,778",298.6,"2,794",174.6,"1,984",124,269,16.8,#N/A,#N/A,#N/A,#N/A,#N/A,#N/A,#N/A,#N/A,#N/A
Miami DolphinsMiami Dolphins,2018,16,"4,638",289.9,"2,900",181.3,"1,738",108.6,319,19.9,#N/A,#N/A,#N/A,#N/A,#N/A,#N/A,#N/A,#N/A,#N/A
Arizona CardinalsArizona Cardinals,2018,16,"3,865",241.6,"2,523",157.7,"1,342",83.9,225,14.1,#N/A,#N/A,#N/A,#N/A,#N/A,#N/A,#N/A,#N/A,#N/A
New England PatriotsNew England Patriots,2017,16,"6,307",394.2,"4,418",276.1,"1,889",118.1,458,28.6,3,1395,465,1135,378.3,260,86.7,92,30.7
New Orleans SaintsNew Orleans Saints,2017,16,"6,259",391.2,"4,189",261.8,"2,070",129.4,448,28,2,768,384,647,323.5,121,60.5,55,27.5
Pittsburgh SteelersPittsburgh Steelers,2017,16,"6,047",377.9,"4,380",273.8,"1,667",104.2,406,25.4,1,545,545,462,462,83,83,42,42
Los Angeles ChargersLos Angeles Chargers,2017,16,"6,026",376.6,"4,431",276.9,"1,595",99.7,355,22.2,#N/A,#N/A,#N/A,#N/A,#N/A,#N/A,#N/A,#N/A,#N/A
Kansas City ChiefsKansas City Chiefs,2017,16,"6,007",375.4,"4,104",256.5,"1,903",118.9,415,25.9,1,325,325,256,256,69,69,21,21
Jacksonville JaguarsJacksonville Jaguars,2017,16,"5,855",365.9,"3,593",224.6,"2,262",141.4,417,26.1,3,982,327.3,562,187.3,420,140,75,25
Philadelphia EaglesPhiladelphia Eagles,2017,16,"5,852",365.8,"3,737",233.6,"2,115",132.2,457,28.6,3,1328,442.7,958,319.3,370,123.3,94,31.3
Atlanta FalconsAtlanta Falcons,2017,16,"5,837",364.8,"3,990",249.4,"1,847",115.4,353,22.1,2,603,301.5,393,196.5,210,105,36,18
Tampa Bay BuccaneersTampa Bay Buccaneers,2017,16,"5,816",363.5,"4,366",272.9,"1,450",90.6,335,20.9,#N/A,#N/A,#N/A,#N/A,#N/A,#N/A,#N/A,#N/A,#N/A
Los Angeles RamsLos Angeles Rams,2017,16,"5,784",361.5,"3,831",239.4,"1,953",122.1,478,29.9,1,361,361,246,246,115,115,13,13
Minnesota VikingsMinnesota Vikings,2017,16,"5,710",356.9,"3,753",234.6,"1,957",122.3,382,23.9,2,736,368,571,285.5,165,82.5,36,18
San Francisco 49ersSan Francisco 49ers,2017,16,"5,589",349.3,"3,925",245.3,"1,664",104,331,20.7,#N/A,#N/A,#N/A,#N/A,#N/A,#N/A,#N/A,#N/A,#N/A
Detroit LionsDetroit Lions,2017,16,"5,404",337.8,"4,183",261.4,"1,221",76.3,410,25.6,#N/A,#N/A,#N/A,#N/A,#N/A,#N/A,#N/A,#N/A,#N/A
Dallas CowboysDallas Cowboys,2017,16,"5,311",331.9,"3,141",196.3,"2,170",135.6,354,22.1,#N/A,#N/A,#N/A,#N/A,#N/A,#N/A,#N/A,#N/A,#N/A
Seattle SeahawksSeattle Seahawks,2017,16,"5,286",330.4,"3,657",228.6,"1,629",101.8,366,22.9,#N/A,#N/A,#N/A,#N/A,#N/A,#N/A,#N/A,#N/A,#N/A
Washington RedskinsWashington Redskins,2017,16,"5,199",324.9,"3,751",234.4,"1,448",90.5,342,21.4,#N/A,#N/A,#N/A,#N/A,#N/A,#N/A,#N/A,#N/A,#N/A
Denver BroncosDenver Broncos,2017,16,"5,185",324.1,"3,333",208.3,"1,852",115.8,289,18.1,#N/A,#N/A,#N/A,#N/A,#N/A,#N/A,#N/A,#N/A,#N/A
Oakland RaidersOakland Raiders,2017,16,"5,185",324.1,"3,631",226.9,"1,554",97.1,301,18.8,#N/A,#N/A,#N/A,#N/A,#N/A,#N/A,#N/A,#N/A,#N/A
Carolina PanthersCarolina Panthers,2017,16,"5,179",323.7,"3,077",192.3,"2,102",131.4,363,22.7,1,413,413,306,306,107,107,26,26
Houston TexansHouston Texans,2017,16,"5,120",320,"3,278",204.9,"1,842",115.1,338,21.1,#N/A,#N/A,#N/A,#N/A,#N/A,#N/A,#N/A,#N/A,#N/A
New York GiantsNew York Giants,2017,16,"5,028",314.3,"3,479",217.4,"1,549",96.8,246,15.4,#N/A,#N/A,#N/A,#N/A,#N/A,#N/A,#N/A,#N/A,#N/A
Arizona CardinalsArizona Cardinals,2017,16,"5,026",314.1,"3,640",227.5,"1,386",86.6,295,18.4,#N/A,#N/A,#N/A,#N/A,#N/A,#N/A,#N/A,#N/A,#N/A
Tennessee TitansTennessee Titans,2017,16,"5,024",314,"3,191",199.4,"1,833",114.6,334,20.9,2,664,332,397,198.5,267,133.5,36,18
Cleveland BrownsCleveland Browns,2017,16,"4,942",308.9,"3,228",201.8,"1,714",107.1,234,14.6,#N/A,#N/A,#N/A,#N/A,#N/A,#N/A,#N/A,#N/A,#N/A
Miami DolphinsMiami Dolphins,2017,16,"4,923",307.7,"3,535",220.9,"1,388",86.8,281,17.6,#N/A,#N/A,#N/A,#N/A,#N/A,#N/A,#N/A,#N/A,#N/A
Green Bay PackersGreen Bay Packers,2017,16,"4,891",305.7,"3,167",197.9,"1,724",107.8,320,20,#N/A,#N/A,#N/A,#N/A,#N/A,#N/A,#N/A,#N/A,#N/A
Baltimore RavensBaltimore Ravens,2017,16,"4,886",305.4,"3,030",189.4,"1,856",116,395,24.7,#N/A,#N/A,#N/A,#N/A,#N/A,#N/A,#N/A,#N/A,#N/A
New York JetsNew York Jets,2017,16,"4,884",305.3,"3,182",198.9,"1,702",106.4,298,18.6,#N/A,#N/A,#N/A,#N/A,#N/A,#N/A,#N/A,#N/A,#N/A
Buffalo BillsBuffalo Bills,2017,16,"4,842",302.6,"2,825",176.6,"2,017",126.1,302,18.9,1,263,263,133,133,130,130,3,3
Chicago BearsChicago Bears,2017,16,"4,599",287.4,"2,811",175.7,"1,788",111.8,264,16.5,#N/A,#N/A,#N/A,#N/A,#N/A,#N/A,#N/A,#N/A,#N/A
Indianapolis ColtsIndianapolis Colts,2017,16,"4,553",284.6,"2,892",180.8,"1,661",103.8,263,16.4,#N/A,#N/A,#N/A,#N/A,#N/A,#N/A,#N/A,#N/A,#N/A
Cincinnati BengalsCincinnati Bengals,2017,16,"4,488",280.5,"3,122",195.1,"1,366",85.4,290,18.1,#N/A,#N/A,#N/A,#N/A,#N/A,#N/A,#N/A,#N/A,#N/A
New Orleans SaintsNew Orleans Saints,2016,16,"6,816",426,"5,074",317.1,"1,742",108.9,469,29.3,#N/A,#N/A,#N/A,#N/A,#N/A,#N/A,#N/A,#N/A,#N/A
Atlanta FalconsAtlanta Falcons,2016,16,"6,653",415.8,"4,725",295.3,"1,928",120.5,540,33.8,3,1259,419.7,955,318.3,304,101.3,108,36
Washington RedskinsWashington Redskins,2016,16,"6,454",403.4,"4,758",297.4,"1,696",106,396,24.8,#N/A,#N/A,#N/A,#N/A,#N/A,#N/A,#N/A,#N/A,#N/A
New England PatriotsNew England Patriots,2016,16,"6,180",386.3,"4,308",269.3,"1,872",117,441,27.6,3,1354,451.3,1095,365,259,86.3,104,34.7
Dallas CowboysDallas Cowboys,2016,16,"6,027",376.7,"3,631",226.9,"2,396",149.8,421,26.3,1,429,429,291,291,138,138,31,31
Oakland RaidersOakland Raiders,2016,16,"5,973",373.3,"4,051",253.2,"1,922",120.1,416,26,1,203,203,139,139,64,64,14,14
Pittsburgh SteelersPittsburgh Steelers,2016,16,"5,962",372.6,"4,202",262.6,"1,760",110,399,24.9,3,1124,374.7,720,240,404,134.7,65,21.7
Green Bay PackersGreen Bay Packers,2016,16,"5,900",368.8,"4,199",262.4,"1,701",106.3,432,27,3,1186,395.3,925,308.3,261,87,93,31
Arizona CardinalsArizona Cardinals,2016,16,"5,868",366.8,"4,136",258.5,"1,732",108.3,418,26.1,#N/A,#N/A,#N/A,#N/A,#N/A,#N/A,#N/A,#N/A,#N/A
Indianapolis ColtsIndianapolis Colts,2016,16,"5,830",364.4,"4,202",262.6,"1,628",101.8,411,25.7,#N/A,#N/A,#N/A,#N/A,#N/A,#N/A,#N/A,#N/A,#N/A
Tennessee TitansTennessee Titans,2016,16,"5,728",358,"3,541",221.3,"2,187",136.7,381,23.8,#N/A,#N/A,#N/A,#N/A,#N/A,#N/A,#N/A,#N/A,#N/A
Seattle SeahawksSeattle Seahawks,2016,16,"5,715",357.2,"4,124",257.8,"1,591",99.4,354,22.1,2,696,348,418,209,278,139,46,23
Cincinnati BengalsCincinnati Bengals,2016,16,"5,711",356.9,"3,942",246.4,"1,769",110.6,325,20.3,#N/A,#N/A,#N/A,#N/A,#N/A,#N/A,#N/A,#N/A,#N/A
San Diego ChargersSan Diego Chargers,2016,16,"5,708",356.8,"4,198",262.4,"1,510",94.4,410,25.6,#N/A,#N/A,#N/A,#N/A,#N/A,#N/A,#N/A,#N/A,#N/A
Chicago BearsChicago Bears,2016,16,"5,704",356.5,"3,969",248.1,"1,735",108.4,279,17.4,#N/A,#N/A,#N/A,#N/A,#N/A,#N/A,#N/A,#N/A,#N/A
Buffalo BillsBuffalo Bills,2016,16,"5,666",354.1,"3,036",189.8,"2,630",164.4,399,24.9,#N/A,#N/A,#N/A,#N/A,#N/A,#N/A,#N/A,#N/A,#N/A
Baltimore RavensBaltimore Ravens,2016,16,"5,563",347.7,"4,100",256.3,"1,463",91.4,343,21.4,#N/A,#N/A,#N/A,#N/A,#N/A,#N/A,#N/A,#N/A,#N/A
Tampa Bay BuccaneersTampa Bay Buccaneers,2016,16,"5,542",346.4,"3,926",245.4,"1,616",101,354,22.1,#N/A,#N/A,#N/A,#N/A,#N/A,#N/A,#N/A,#N/A,#N/A
Carolina PanthersCarolina Panthers,2016,16,"5,499",343.7,"3,685",230.3,"1,814",113.4,369,23.1,#N/A,#N/A,#N/A,#N/A,#N/A,#N/A,#N/A,#N/A,#N/A
Kansas City ChiefsKansas City Chiefs,2016,16,"5,488",343,"3,740",233.8,"1,748",109.3,389,24.3,1,227,227,166,166,61,61,16,16
Detroit LionsDetroit Lions,2016,16,"5,421",338.8,"4,111",256.9,"1,310",81.9,346,21.6,1,231,231,182,182,49,49,6,6
Philadelphia EaglesPhiladelphia Eagles,2016,16,"5,398",337.4,"3,585",224.1,"1,813",113.3,367,22.9,#N/A,#N/A,#N/A,#N/A,#N/A,#N/A,#N/A,#N/A,#N/A
Jacksonville JaguarsJacksonville Jaguars,2016,16,"5,359",334.9,"3,728",233,"1,631",101.9,318,19.9,#N/A,#N/A,#N/A,#N/A,#N/A,#N/A,#N/A,#N/A,#N/A
Miami DolphinsMiami Dolphins,2016,16,"5,324",332.8,"3,500",218.8,"1,824",114,363,22.7,1,305,305,253,253,52,52,12,12
New York GiantsNew York Giants,2016,16,"5,291",330.7,"3,879",242.4,"1,412",88.3,310,19.4,1,365,365,295,295,70,70,13,13
New York JetsNew York Jets,2016,16,"5,268",329.3,"3,466",216.6,"1,802",112.6,275,17.2,#N/A,#N/A,#N/A,#N/A,#N/A,#N/A,#N/A,#N/A,#N/A
Denver BroncosDenver Broncos,2016,16,"5,169",323.1,"3,685",230.3,"1,484",92.8,333,20.8,#N/A,#N/A,#N/A,#N/A,#N/A,#N/A,#N/A,#N/A,#N/A
Minnesota VikingsMinnesota Vikings,2016,16,"5,041",315.1,"3,836",239.8,"1,205",75.3,327,20.4,#N/A,#N/A,#N/A,#N/A,#N/A,#N/A,#N/A,#N/A,#N/A
Houston TexansHouston Texans,2016,16,"5,035",314.7,"3,176",198.5,"1,859",116.2,279,17.4,2,576,288,348,174,228,114,43,21.5
Cleveland BrownsCleveland Browns,2016,16,"4,976",311,"3,264",204,"1,712",107,264,16.5,#N/A,#N/A,#N/A,#N/A,#N/A,#N/A,#N/A,#N/A,#N/A
San Francisco 49ersSan Francisco 49ers,2016,16,"4,930",308.1,"2,911",181.9,"2,019",126.2,309,19.3,#N/A,#N/A,#N/A,#N/A,#N/A,#N/A,#N/A,#N/A,#N/A
Los Angeles RamsLos Angeles Rams,2016,16,"4,203",262.7,"2,951",184.4,"1,252",78.3,224,14,#N/A,#N/A,#N/A,#N/A,#N/A,#N/A,#N/A,#N/A,#N/A
Arizona CardinalsArizona Cardinals,2015,16,"6,533",408.3,"4,616",288.5,"1,917",119.8,489,30.6,2,655,327.5,555,277.5,100,50,41,20.5
New Orleans SaintsNew Orleans Saints,2015,16,"6,461",403.8,"4,970",310.6,"1,491",93.2,408,25.5,#N/A,#N/A,#N/A,#N/A,#N/A,#N/A,#N/A,#N/A,#N/A
Pittsburgh SteelersPittsburgh Steelers,2015,16,"6,327",395.4,"4,603",287.7,"1,724",107.8,423,26.4,2,765,382.5,513,256.5,252,126,34,17
Seattle SeahawksSeattle Seahawks,2015,16,"6,058",378.6,"3,790",236.9,"2,268",141.8,423,26.4,2,629,314.5,454,227,175,87.5,34,17
Tampa Bay BuccaneersTampa Bay Buccaneers,2015,16,"6,014",375.9,"3,852",240.8,"2,162",135.1,342,21.4,#N/A,#N/A,#N/A,#N/A,#N/A,#N/A,#N/A,#N/A,#N/A
New England PatriotsNew England Patriots,2015,16,"5,991",374.4,"4,587",286.7,"1,404",87.8,465,29.1,2,676,338,594,297,82,41,45,22.5
Atlanta FalconsAtlanta Falcons,2015,16,"5,990",374.4,"4,379",273.7,"1,611",100.7,339,21.2,#N/A,#N/A,#N/A,#N/A,#N/A,#N/A,#N/A,#N/A,#N/A
New York GiantsNew York Giants,2015,16,"5,956",372.3,"4,347",271.7,"1,609",100.6,420,26.3,#N/A,#N/A,#N/A,#N/A,#N/A,#N/A,#N/A,#N/A,#N/A
San Diego ChargersSan Diego Chargers,2015,16,"5,949",371.8,"4,591",286.9,"1,358",84.9,320,20,#N/A,#N/A,#N/A,#N/A,#N/A,#N/A,#N/A,#N/A,#N/A
New York JetsNew York Jets,2015,16,"5,925",370.3,"4,057",253.6,"1,868",116.8,387,24.2,#N/A,#N/A,#N/A,#N/A,#N/A,#N/A,#N/A,#N/A,#N/A
Carolina PanthersCarolina Panthers,2015,16,"5,871",366.9,"3,589",224.3,"2,282",142.6,500,31.3,3,1086,362,672,224,414,138,90,30
Philadelphia EaglesPhiladelphia Eagles,2015,16,"5,830",364.4,"4,087",255.4,"1,743",108.9,377,23.6,#N/A,#N/A,#N/A,#N/A,#N/A,#N/A,#N/A,#N/A,#N/A
Buffalo BillsBuffalo Bills,2015,16,"5,775",360.9,"3,343",208.9,"2,432",152,379,23.7,#N/A,#N/A,#N/A,#N/A,#N/A,#N/A,#N/A,#N/A,#N/A
Baltimore RavensBaltimore Ravens,2015,16,"5,749",359.3,"4,271",266.9,"1,478",92.4,328,20.5,#N/A,#N/A,#N/A,#N/A,#N/A,#N/A,#N/A,#N/A,#N/A
Cincinnati BengalsCincinnati Bengals,2015,16,"5,728",358,"3,923",245.2,"1,805",112.8,419,26.2,1,279,279,188,188,91,91,16,16
Denver BroncosDenver Broncos,2015,16,"5,688",355.5,"3,970",248.1,"1,718",107.4,355,22.2,3,762,254,464,154.7,298,99.3,67,22.3
Washington RedskinsWashington Redskins,2015,16,"5,661",353.8,"4,095",255.9,"1,566",97.9,388,24.3,1,354,354,270,270,84,84,18,18
Jacksonville JaguarsJacksonville Jaguars,2015,16,"5,581",348.8,"4,108",256.8,"1,473",92.1,376,23.5,#N/A,#N/A,#N/A,#N/A,#N/A,#N/A,#N/A,#N/A,#N/A
Houston TexansHouston Texans,2015,16,"5,564",347.8,"3,833",239.6,"1,731",108.2,339,21.2,1,226,226,112,112,114,114,0,0
Detroit LionsDetroit Lions,2015,16,"5,547",346.7,"4,212",263.3,"1,335",83.4,358,22.4,#N/A,#N/A,#N/A,#N/A,#N/A,#N/A,#N/A,#N/A,#N/A
Chicago BearsChicago Bears,2015,16,"5,514",344.6,"3,663",228.9,"1,851",115.7,335,20.9,#N/A,#N/A,#N/A,#N/A,#N/A,#N/A,#N/A,#N/A,#N/A
Dallas CowboysDallas Cowboys,2015,16,"5,361",335.1,"3,471",216.9,"1,890",118.1,275,17.2,#N/A,#N/A,#N/A,#N/A,#N/A,#N/A,#N/A,#N/A,#N/A
Green Bay PackersGreen Bay Packers,2015,16,"5,353",334.6,"3,503",218.9,"1,850",115.6,368,23,2,732,366,456,228,276,138,55,27.5
Oakland RaidersOakland Raiders,2015,16,"5,336",333.5,"3,879",242.4,"1,457",91.1,359,22.4,#N/A,#N/A,#N/A,#N/A,#N/A,#N/A,#N/A,#N/A,#N/A
Cleveland BrownsCleveland Browns,2015,16,"5,311",331.9,"3,782",236.4,"1,529",95.6,278,17.4,#N/A,#N/A,#N/A,#N/A,#N/A,#N/A,#N/A,#N/A,#N/A
Miami DolphinsMiami Dolphins,2015,16,"5,307",331.7,"3,811",238.2,"1,496",93.5,310,19.4,#N/A,#N/A,#N/A,#N/A,#N/A,#N/A,#N/A,#N/A,#N/A
Kansas City ChiefsKansas City Chiefs,2015,16,"5,299",331.2,"3,255",203.4,"2,044",127.8,405,25.3,2,692,346,416,208,276,138,50,25
Indianapolis ColtsIndianapolis Colts,2015,16,"5,142",321.4,"3,704",231.5,"1,438",89.9,333,20.8,#N/A,#N/A,#N/A,#N/A,#N/A,#N/A,#N/A,#N/A,#N/A
Minnesota VikingsMinnesota Vikings,2015,16,"5,139",321.2,"2,928",183,"2,211",138.2,365,22.8,1,183,183,125,125,58,58,9,9
Tennessee TitansTennessee Titans,2015,16,"4,988",311.8,"3,503",218.9,"1,485",92.8,299,18.7,#N/A,#N/A,#N/A,#N/A,#N/A,#N/A,#N/A,#N/A,#N/A
San Francisco 49ersSan Francisco 49ers,2015,16,"4,860",303.8,"3,316",207.3,"1,544",96.5,238,14.9,#N/A,#N/A,#N/A,#N/A,#N/A,#N/A,#N/A,#N/A,#N/A
St. Louis RamsSt. Louis Rams,2015,16,"4,761",297.6,"2,805",175.3,"1,956",122.3,280,17.5,#N/A,#N/A,#N/A,#N/A,#N/A,#N/A,#N/A,#N/A,#N/A
